id,external_id,field,title,description,tags,requirements,created_at,updated_at,deleted_at,home_office,hours
ce7564da-4eaa-40c4-ba4f-c695c82810f0,6756b9369466383100024fa4,"Professional, scientific and technical activities",Data Scientist,"Develop machine learning models to analyze large datasets, providing insights for business decisions.","[""Data Analytics"", ""Machine Learning"", ""Python"", ""SQL"", ""Statistics""]","[""Master’s degree in Data Science, Computer Science, or Statistics."", ""Proficiency in Python, R, and SQL."", ""Experience with machine learning frameworks (e.g., TensorFlow, PyTorch)."", ""Strong statistical and analytical skills."", ""2+ years of relevant experience.""]",2007-06-22 23:05:06,2007-06-22 23:05:06,,False,80
fd80956d-6ffb-42b4-bfb1-903abdd3a821,6756b9369466383100024fa5,"Professional, scientific and technical activities",Environmental Consultant,"Advise clients on environmental regulations, sustainability practices, and risk assessments.","[""Environmental Science"", ""Regulatory Compliance"", ""Sustainability"", ""Risk Analysis""]","[""Bachelor’s degree in Environmental Science, Chemistry, or a related field."", ""Knowledge of environmental legislation and compliance standards."", ""Strong analytical and communication skills."", ""3+ years of experience in consultancy.""]",2013-09-07 07:08:17,2013-09-07 07:08:17,,False,160
511f838d-dbfb-43a0-9c42-ebd6f2d922a3,6756b9369466383100024fa6,"Professional, scientific and technical activities",Structural Engineer,"Design, plan, and oversee construction projects, ensuring structural integrity and compliance.","[""Civil Engineering"", ""Structural Analysis"", ""AutoCAD"", ""Construction""]","[""Bachelor’s degree in Civil or Structural Engineering."", ""Proficiency in design software (e.g., AutoCAD, STAAD)."", ""Strong understanding of materials and building codes."", ""Professional Engineer (PE) license preferred.""]",2016-01-14 23:36:22,2016-01-14 23:36:22,,False,160
0dddac43-9fe5-4b33-a4c2-d906a4622de6,6756b9369466383100024fa7,"Professional, scientific and technical activities",IT Business Analyst,Bridge the gap between business needs and technology solutions by analyzing requirements and implementing software systems.,"[""Business Analysis"", ""Agile"", ""Systems Analysis"", ""Communication Skills""]","[""Bachelor’s degree in Information Systems, Business, or related fields."", ""Knowledge of Agile methodologies and tools."", ""Strong communication and problem-solving skills."", ""Experience with requirement documentation and stakeholder management.""]",2003-12-19 02:49:50,2003-12-19 02:49:50,,True,140
2deedf07-c3be-4058-aba9-e356b78791d7,6756b9369466383100024fa8,"Professional, scientific and technical activities",Biotechnologist,Conduct research and experiments to develop new products and improve biological processes.,"[""Biotechnology"", ""Research"", ""Laboratory Skills"", ""Bioprocessing""]","[""Master’s degree in Biotechnology, Biology, or Biochemistry."", ""Hands-on experience with laboratory equipment and protocols."", ""Strong understanding of bioprocess engineering."", ""1-3 years of research experience preferred.""]",2011-09-20 06:16:12,2011-09-20 06:16:12,,True,160
79dfbe15-ef32-45b8-8b58-d8f696f6234e,6756b9369466383100024fa9,"Professional, scientific and technical activities",Financial Analyst,"Perform financial forecasting, analysis, and reporting to guide investment decisions and business planning.","[""Finance"", ""Excel"", ""Data Analysis"", ""Budgeting""]","[""Bachelor’s degree in Finance, Economics, or Accounting."", ""Proficiency in financial modeling and Excel."", ""Knowledge of ERP systems (e.g., SAP, Oracle)."", ""2+ years of experience in finance or investment.""]",2006-02-23 17:32:17,2006-02-23 17:32:17,,False,160
4970b142-c8d4-4e58-8219-8deca8e1825b,6756b9369466383100024faa,"Professional, scientific and technical activities",Scientific Illustrator,Create accurate and visually appealing illustrations for scientific publications and presentations.,"[""Graphic Design"", ""Science Communication"", ""Adobe Illustrator"", ""Creativity""]","[""Bachelor’s degree in Graphic Design, Biology, or a related field."", ""Strong artistic and technical drawing skills."", ""Experience with Adobe Creative Suite."", ""Knowledge of scientific terminology and processes.""]",2005-11-14 09:45:26,2005-11-14 09:45:26,,True,80
07c82a7e-a026-4f4d-9576-e465216def5d,6756b9369466383100024fab,"Professional, scientific and technical activities",Patent Attorney,"Advise clients on intellectual property matters, draft patent applications, and manage patent disputes.","[""Intellectual Property"", ""Legal Research"", ""Patent Drafting"", ""Client Management""]","[""Juris Doctor (JD) degree and membership in the Bar."", ""Certification as a Patent Attorney."", ""Strong knowledge of patent laws and regulations."", ""Excellent written and verbal communication skills.""]",2009-11-19 11:48:10,2009-11-19 11:48:10,,False,160
19029c29-ecc8-40a6-9707-353efad8225c,6756b9369466383100024fac,"Professional, scientific and technical activities",Clinical Research Coordinator,"Manage and oversee clinical trials, ensuring compliance with regulations and protocols.","[""Clinical Trials"", ""Research"", ""FDA Compliance"", ""Project Management""]","[""Bachelor’s degree in Life Sciences or related fields."", ""Certification in clinical research (e.g., CCRC)."", ""Knowledge of GCP and FDA regulations."", ""Strong organizational and problem-solving skills.""]",2010-03-16 06:43:28,2010-03-16 06:43:28,,False,140
c0c63bce-2d72-4194-9f66-1996c5ffacab,6756b9369466383100024fad,"Professional, scientific and technical activities",Forensic Scientist,"Analyze evidence in criminal investigations, using scientific methods to support law enforcement.","[""Forensics"", ""Criminal Investigations"", ""Lab Work"", ""Analytical Skills""]","[""Bachelor’s degree in Forensic Science, Chemistry, or Biology."", ""Experience with laboratory techniques and evidence handling."", ""Knowledge of criminal justice and legal procedures."", ""Strong attention to detail and critical thinking skills.""]",2022-01-21 12:07:25,2022-01-21 12:07:25,,False,140
0f100564-c1d9-4ef0-b7ce-5e351f053f61,6756b9369466383100024fae,Construction,Construction Project Manager,"Oversee all phases of construction projects, ensuring timelines, budgets, and quality standards are met.","[""Project Management"", ""Budgeting"", ""Scheduling"", ""Leadership""]","[""Bachelor’s degree in Construction Management, Civil Engineering, or related fields."", ""Proficiency in project management software (e.g., Primavera, MS Project)."", ""Strong organizational and leadership skills."", ""5+ years of construction management experience.""]",2002-11-22 10:58:21,2002-11-22 10:58:21,,False,140
c8068636-54d7-4ad1-8c27-5848927f4eb1,6756b9369466383100024faf,Construction,Site Supervisor,"Supervise construction sites, ensuring safety standards and project specifications are adhered to.","[""Site Management"", ""Safety Compliance"", ""Team Leadership"", ""Problem Solving""]","[""Diploma or degree in Construction or related field."", ""Strong knowledge of OSHA standards and safety protocols."", ""Excellent communication and team management skills."", ""3+ years of experience in site supervision.""]",2007-07-28 11:37:36,2007-07-28 11:37:36,,True,160
e322e586-7d5b-484a-bf1e-f1fb1cd74914,6756b9369466383100024fb0,Construction,Civil Engineer,"Design and oversee construction of infrastructure projects such as roads, bridges, and buildings.","[""Civil Engineering"", ""Design"", ""Structural Analysis"", ""AutoCAD""]","[""Bachelor’s degree in Civil Engineering."", ""Proficiency in design software (e.g., AutoCAD, STAAD, Revit)."", ""Strong understanding of construction materials and methods."", ""Professional Engineer (PE) license preferred.""]",2007-04-18 03:58:24,2007-04-18 03:58:24,,True,160
640873ae-8ef8-46d6-9882-f75cb04a1d48,6756b9369466383100024fb1,Construction,Estimator,"Prepare cost estimates and budgets for construction projects, ensuring accuracy and feasibility.","[""Cost Estimation"", ""Budgeting"", ""Analytical Skills"", ""Construction Materials""]","[""Bachelor’s degree in Construction Management or a related field."", ""Strong understanding of construction processes and materials."", ""Experience with estimation software (e.g., ProEst, Sage Estimating)."", ""2+ years of experience as an estimator.""]",2024-05-06 06:54:33,2024-05-06 06:54:33,,False,160
5ec7bd91-ce4c-4b14-b4e2-d81c1637d2e4,6756b9369466383100024fb2,Construction,Architect,"Design buildings and structures, ensuring they are functional, sustainable, and aesthetically pleasing.","[""Architecture"", ""Design"", ""Sustainability"", ""3D Modeling""]","[""Bachelor’s or Master’s degree in Architecture."", ""Proficiency in design software (e.g., AutoCAD, SketchUp, Revit)."", ""Knowledge of sustainable design practices."", ""Licensed Architect certification preferred.""]",2004-08-16 10:57:58,2004-08-16 10:57:58,,False,140
6bc8ee86-f083-4038-b4cc-0adf9f33f032,6756b9369466383100024fb3,Construction,Surveyor,Measure and map construction sites to determine land boundaries and prepare for development.,"[""Surveying"", ""GIS"", ""Land Mapping"", ""Attention to Detail""]","[""Bachelor’s degree in Surveying, Geomatics, or related fields."", ""Experience with GPS and GIS systems."", ""Strong mathematical and analytical skills."", ""Professional Surveyor (PS) license preferred.""]",2024-10-28 11:02:11,2024-10-28 11:02:11,,False,140
bae0e994-6817-4d98-8c75-f5db782ccd7b,6756b9369466383100024fb4,Construction,Construction Safety Officer,"Ensure compliance with health and safety regulations on construction sites, conducting audits and training.","[""Safety Compliance"", ""Risk Assessment"", ""OSHA"", ""Training""]","[""Certification in Occupational Health and Safety (e.g., OSHA, NEBOSH)."", ""Strong knowledge of safety regulations and standards."", ""Excellent communication and training skills."", ""2+ years of experience in safety management.""]",2017-06-17 09:33:19,2017-06-17 09:33:19,,True,80
1e08eff6-4a5e-462f-9cc7-16fa37501c8f,6756b9369466383100024fb5,Construction,Heavy Equipment Operator,"Operate machinery such as bulldozers, excavators, and cranes to support construction projects.","[""Heavy Machinery"", ""Excavation"", ""Equipment Maintenance"", ""Safety""]","[""High school diploma or equivalent."", ""Certification to operate heavy machinery."", ""Strong knowledge of equipment maintenance."", ""Experience in operating specific machinery (e.g., cranes, bulldozers).""]",2016-03-13 05:34:02,2016-03-13 05:34:02,,True,160
95fff020-0105-4c21-8d44-dc382343cf12,6756b9369466383100024fb6,Construction,Electrical Engineer,"Design and oversee electrical systems for construction projects, ensuring safety and efficiency.","[""Electrical Design"", ""Power Systems"", ""AutoCAD Electrical"", ""Problem Solving""]","[""Bachelor’s degree in Electrical Engineering."", ""Proficiency in electrical design software (e.g., AutoCAD Electrical)."", ""Knowledge of building codes and safety standards."", ""Professional Engineer (PE) license preferred.""]",2007-07-20 10:28:18,2007-07-20 10:28:18,,False,160
809c4a47-2f65-4569-a9f9-fd9d6f2b0dee,6756b9369466383100024fb7,Construction,Plumbing Technician,"Install, repair, and maintain plumbing systems in residential and commercial buildings.","[""Plumbing"", ""Installation"", ""Maintenance"", ""Problem Solving""]","[""Certification or diploma in plumbing."", ""Strong understanding of plumbing systems and tools."", ""Excellent problem-solving and technical skills."", ""2+ years of experience as a plumbing technician.""]",2006-10-01 00:15:50,2006-10-01 00:15:50,,True,160
10e93112-9c2b-4b2b-baf7-3a4dcc92861b,6756b9369466383100024fb8,Manufacturing,Production Manager,"Oversee manufacturing processes, ensuring production efficiency, quality standards, and meeting deadlines.","[""Production Management"", ""Leadership"", ""Lean Manufacturing"", ""Quality Control""]","[""Bachelor’s degree in Manufacturing, Industrial Engineering, or related field."", ""Strong knowledge of production processes and lean methodologies."", ""Experience with ERP systems (e.g., SAP, Oracle)."", ""5+ years of experience in a manufacturing leadership role.""]",2001-03-18 01:36:34,2001-03-18 01:36:34,,True,160
b5a003b7-c9d3-4deb-b230-de3e54054dc9,6756b9369466383100024fb9,Manufacturing,Quality Assurance Specialist,Inspect and ensure that products meet quality and safety standards through testing and auditing processes.,"[""Quality Assurance"", ""ISO Standards"", ""Testing"", ""Attention to Detail""]","[""Bachelor’s degree in Quality Assurance, Engineering, or related fields."", ""Familiarity with ISO 9001 and other quality management systems."", ""Experience with quality control tools and methods."", ""2+ years of experience in quality assurance.""]",2012-11-07 14:22:33,2012-11-07 14:22:33,,True,160
bcc15bbc-5c56-40d7-8f4c-93e3e5e1cb41,6756b9369466383100024fba,Manufacturing,Mechanical Engineer,"Design, develop, and maintain mechanical systems and equipment used in manufacturing processes.","[""Mechanical Engineering"", ""CAD"", ""Problem Solving"", ""Product Design""]","[""Bachelor’s degree in Mechanical Engineering."", ""Proficiency in CAD software (e.g., SolidWorks, AutoCAD)."", ""Strong problem-solving and analytical skills."", ""2+ years of experience in manufacturing or product design.""]",2005-02-05 01:48:21,2005-02-05 01:48:21,,False,80
6f9fdb33-0c79-44f5-9d4e-acfe6c775e5c,6756b9369466383100024fbb,Manufacturing,Maintenance Technician,Perform routine maintenance and repairs on manufacturing equipment to ensure optimal operation.,"[""Maintenance"", ""Equipment Repair"", ""Troubleshooting"", ""Electrical Systems""]","[""Certification or diploma in mechanical or electrical maintenance."", ""Experience with troubleshooting and repairing manufacturing equipment."", ""Knowledge of PLC systems is a plus."", ""3+ years of maintenance experience.""]",2008-05-14 21:49:40,2008-05-14 21:49:40,,False,80
e7517ac7-b728-4fdf-844c-7960f92e2a04,6756b9369466383100024fbc,Manufacturing,Industrial Engineer,Improve production efficiency by designing systems and processes that reduce waste and maximize output.,"[""Industrial Engineering"", ""Process Improvement"", ""Lean Manufacturing"", ""Six Sigma""]","[""Bachelor’s degree in Industrial Engineering or related fields."", ""Strong knowledge of lean and Six Sigma methodologies."", ""Experience with process optimization tools."", ""3+ years of experience in manufacturing environments.""]",2024-11-16 20:12:58,2024-11-16 20:12:58,,True,140
2f68d09c-f351-4db8-bb7c-3647e6e41668,6756b9369466383100024fbd,Manufacturing,Manufacturing Technician,"Operate and monitor manufacturing equipment, ensuring adherence to production guidelines and safety protocols.","[""Machine Operation"", ""Safety Compliance"", ""Production Monitoring"", ""Technical Skills""]","[""High school diploma or equivalent."", ""Experience with operating and maintaining manufacturing equipment."", ""Strong technical and troubleshooting skills."", ""1+ years of manufacturing experience preferred.""]",2000-09-05 04:12:31,2000-09-05 04:12:31,,True,80
c7b746aa-be9f-4d72-84ed-bd1cf331acf3,6756b9369466383100024fbe,Manufacturing,Supply Chain Analyst,Analyze and optimize the supply chain process to improve efficiency and reduce costs in manufacturing operations.,"[""Supply Chain"", ""Data Analysis"", ""Inventory Management"", ""Logistics""]","[""Bachelor’s degree in Supply Chain Management, Logistics, or related fields."", ""Proficiency in supply chain software (e.g., SAP, Oracle)."", ""Strong analytical and problem-solving skills."", ""2+ years of experience in supply chain management.""]",2001-04-01 00:20:17,2001-04-01 00:20:17,,False,140
531d4d66-8707-4756-8aec-6cc773ce02b9,6756b9369466383100024fbf,Manufacturing,CNC Machinist,"Set up, operate, and program CNC machines to produce precision parts for manufacturing processes.","[""CNC Machining"", ""Blueprint Reading"", ""Programming"", ""Attention to Detail""]","[""Certification in CNC machining or related field."", ""Proficiency in reading blueprints and using measuring tools."", ""Experience with programming CNC machines."", ""2+ years of CNC machining experience.""]",2018-08-21 01:12:26,2018-08-21 01:12:26,,False,160
7d28acce-23ee-403b-9e74-285cfc810ab5,6756b9369466383100024fc0,Manufacturing,Process Engineer,"Develop and implement manufacturing processes to improve efficiency, quality, and safety.","[""Process Engineering"", ""Lean Manufacturing"", ""Problem Solving"", ""Technical Skills""]","[""Bachelor’s degree in Engineering, Manufacturing, or related field."", ""Strong understanding of process optimization and lean principles."", ""Experience with manufacturing process design and improvement."", ""3+ years of experience in process engineering.""]",2001-01-07 20:27:41,2001-01-07 20:27:41,,True,80
f34743c0-0ec4-472a-8191-2fb1243fa8a1,6756b9369466383100024fc1,Manufacturing,Electronics Technician,"Assemble, test, and repair electronic components and systems in manufacturing operations.","[""Electronics"", ""Assembly"", ""Troubleshooting"", ""Soldering""]","[""Associate degree in Electronics or related field."", ""Experience with soldering and assembling electronic components."", ""Strong troubleshooting and diagnostic skills."", ""1+ years of experience in an electronics manufacturing environment.""]",2006-09-16 21:52:16,2006-09-16 21:52:16,,True,80
7a6963a3-22f9-4cc3-b1a8-b1d5d2eae939,6756b9369466383100024fc2,Real estate,Real Estate Agent,"Assist clients in buying, selling, and renting properties, providing guidance throughout the process.","[""Property Sales"", ""Client Management"", ""Negotiation"", ""Market Analysis""]","[""Real estate license in the relevant state or country."", ""Strong communication and negotiation skills."", ""Knowledge of local real estate markets."", ""1+ years of experience in real estate sales preferred.""]",2008-09-29 06:19:36,2008-09-29 06:19:36,,True,160
fa56d30f-d7eb-4281-8b86-d401f558f18d,6756b9369466383100024fc3,Real estate,Property Manager,"Oversee the daily operations of residential and commercial properties, including maintenance and tenant relations.","[""Property Management"", ""Tenant Relations"", ""Maintenance Oversight"", ""Budgeting""]","[""Bachelor’s degree in Business, Real Estate, or related field preferred."", ""Experience with property management software (e.g., Yardi, AppFolio)."", ""Strong problem-solving and organizational skills."", ""2+ years of experience in property management.""]",2019-10-29 07:39:35,2019-10-29 07:39:35,,True,80
ac128eb8-5e3a-489b-96ca-caa5ceadfac2,6756b9369466383100024fc4,Real estate,Real Estate Appraiser,Assess property values by conducting research and site inspections to determine market worth.,"[""Property Valuation"", ""Market Research"", ""Report Writing"", ""Analytical Skills""]","[""State certification or licensure as a real estate appraiser."", ""Strong knowledge of appraisal techniques and market trends."", ""Attention to detail and analytical skills."", ""2+ years of appraisal experience.""]",2021-02-04 04:58:58,2021-02-04 04:58:58,,True,160
99beb23c-531b-46bc-9259-cae54cdb4e6e,6756b9369466383100024fc5,Real estate,Leasing Consultant,Assist property owners and managers in finding tenants by marketing properties and screening applicants.,"[""Leasing"", ""Marketing"", ""Customer Service"", ""Sales""]","[""High school diploma or equivalent."", ""Strong sales and interpersonal skills."", ""Experience with leasing software is a plus."", ""1+ years of experience in property leasing or customer service.""]",2003-11-05 17:34:03,2003-11-05 17:34:03,,False,80
ff76ec73-389b-4ff4-b9ba-16c5ae864b7e,6756b9369466383100024fc6,Real estate,Real Estate Marketing Specialist,Develop and execute marketing strategies to promote properties and attract clients.,"[""Marketing"", ""Digital Advertising"", ""Social Media"", ""SEO""]","[""Bachelor’s degree in Marketing, Communications, or related field."", ""Proficiency in digital marketing tools and platforms."", ""Experience with real estate marketing campaigns."", ""2+ years of experience in marketing.""]",2023-01-01 14:31:38,2023-01-01 14:31:38,,True,80
8095e75b-a81f-4e3d-8ad7-ffd80572bf5b,6756b9369466383100024fc7,Real estate,Real Estate Investment Analyst,"Evaluate potential real estate investments by analyzing market trends, property performance, and financial data.","[""Investment Analysis"", ""Financial Modeling"", ""Market Trends"", ""Data Analysis""]","[""Bachelor’s degree in Finance, Economics, or Real Estate."", ""Strong analytical and financial modeling skills."", ""Knowledge of real estate markets and investment strategies."", ""2+ years of experience in real estate investment analysis.""]",2008-10-07 15:11:22,2008-10-07 15:11:22,,True,160
ea02d111-e703-43ad-b283-6852d1d4f9dd,6756b9369466383100024fc8,Real estate,Commercial Real Estate Broker,"Facilitate transactions for commercial properties, helping clients buy, sell, or lease office, retail, or industrial spaces.","[""Commercial Real Estate"", ""Sales"", ""Client Management"", ""Market Analysis""]","[""Commercial real estate license."", ""Strong negotiation and communication skills."", ""Knowledge of commercial property markets."", ""3+ years of experience in commercial real estate.""]",2024-09-07 00:27:42,2024-09-07 00:27:42,,True,80
4036dca7-d101-4dcb-94f8-08af69346117,6756b9369466383100024fc9,Real estate,Real Estate Developer,"Oversee the planning, design, and construction of real estate projects from inception to completion.","[""Real Estate Development"", ""Project Management"", ""Budgeting"", ""Construction""]","[""Bachelor’s degree in Real Estate, Architecture, or Business."", ""Experience with project management software."", ""Knowledge of zoning laws and regulations."", ""5+ years of experience in real estate development.""]",2003-12-20 12:50:39,2003-12-20 12:50:39,,True,80
cc6657a7-a96c-48e3-b1f5-4eebb0f7d2b2,6756b9369466383100024fca,Real estate,Real Estate Lawyer,"Provide legal advice and representation in property transactions, disputes, and zoning matters.","[""Legal Advice"", ""Contract Drafting"", ""Negotiation"", ""Real Estate Law""]","[""Juris Doctor (JD) degree and Bar membership."", ""Specialization in real estate law."", ""Strong negotiation and contract drafting skills."", ""3+ years of experience as a real estate attorney.""]",2007-10-25 10:41:31,2007-10-25 10:41:31,,True,80
fed52a3c-ec74-4516-a80c-e167bb2a35dd,6756b9369466383100024fcb,Real estate,Real Estate Analyst,"Conduct market research and analysis to guide decisions in real estate acquisitions, developments, and investments.","[""Market Analysis"", ""Data Interpretation"", ""Financial Modeling"", ""Reporting""]","[""Bachelor’s degree in Real Estate, Finance, or Economics."", ""Proficiency in financial and market analysis tools."", ""Strong report writing and presentation skills."", ""2+ years of experience in real estate analysis.""]",2017-11-12 15:12:36,2017-11-12 15:12:36,,False,140
3fbe3fbe-acb4-473e-9829-adb69505718f,6756b9369466383100024fcc,Wholesale and retail trade; repair and maintenance of motor vehicles,Automotive Technician,"Inspect, repair, and maintain motor vehicles, ensuring safety and optimal performance.","[""Vehicle Repair"", ""Diagnostics"", ""Maintenance"", ""Customer Service""]","[""Certification in Automotive Service Excellence (ASE) or equivalent."", ""Strong knowledge of vehicle systems and repair techniques."", ""Experience with diagnostic tools and equipment."", ""1-3 years of experience in automotive repair.""]",2000-02-02 02:04:21,2000-02-02 02:04:21,,True,140
0932093d-67be-40ff-bbab-525a3a4919a5,6756b9369466383100024fcd,Wholesale and retail trade; repair and maintenance of motor vehicles,Parts Sales Representative,"Sell automotive parts to retail and wholesale customers, providing excellent service and advice.","[""Sales"", ""Customer Service"", ""Automotive Knowledge"", ""Inventory Management""]","[""High school diploma or equivalent."", ""Knowledge of automotive parts and systems."", ""Strong communication and interpersonal skills."", ""Experience in sales or customer service preferred.""]",2012-12-31 14:01:52,2012-12-31 14:01:52,,True,80
8bad51ef-c206-48f2-82a2-892d7664d2d6,6756b9369466383100024fce,Wholesale and retail trade; repair and maintenance of motor vehicles,Service Advisor,"Act as the main point of contact between customers and the service department, advising on repairs and costs.","[""Customer Relations"", ""Automotive Repair"", ""Sales"", ""Scheduling""]","[""High school diploma or equivalent."", ""Strong customer service and sales skills."", ""Knowledge of automotive repair processes."", ""Experience with service management software is a plus.""]",2023-01-24 04:28:36,2023-01-24 04:28:36,,False,160
ea0ad8dc-29b4-4c14-9803-a60ed675d608,6756b9369466383100024fcf,Wholesale and retail trade; repair and maintenance of motor vehicles,Auto Body Technician,Repair and restore the structural and cosmetic condition of vehicles after accidents.,"[""Collision Repair"", ""Painting"", ""Welding"", ""Attention to Detail""]","[""Certification in auto body repair or equivalent training."", ""Proficiency with tools for bodywork and painting."", ""Knowledge of safety and repair standards."", ""2+ years of experience in auto body repair.""]",2012-02-05 19:24:53,2012-02-05 19:24:53,,False,160
0bc0eb40-9162-4671-a92a-15ca1845f49d,6756b9369466383100024fd0,Wholesale and retail trade; repair and maintenance of motor vehicles,Wholesale Account Manager,"Manage relationships with wholesale clients, ensuring their automotive parts and accessories needs are met.","[""Account Management"", ""Sales"", ""Client Relations"", ""Negotiation""]","[""Bachelor’s degree in Business or related field preferred."", ""Experience in wholesale trade or automotive parts sales."", ""Strong negotiation and communication skills."", ""2+ years of experience in account management.""]",2017-12-30 06:30:32,2017-12-30 06:30:32,,False,160
6aedc000-07d4-4b00-a322-da7600a820e4,6756b9369466383100024fd1,Wholesale and retail trade; repair and maintenance of motor vehicles,Automotive Sales Associate,"Sell new and used vehicles to customers, providing exceptional service and meeting sales targets.","[""Sales"", ""Customer Service"", ""Automotive Knowledge"", ""Negotiation""]","[""High school diploma or equivalent."", ""Strong sales and customer service skills."", ""Knowledge of automotive features and benefits."", ""1+ years of experience in vehicle sales preferred.""]",2024-08-29 01:25:17,2024-08-29 01:25:17,,False,140
bc925774-6807-4449-acb8-da3eff9a42b5,6756b9369466383100024fd2,Wholesale and retail trade; repair and maintenance of motor vehicles,Vehicle Inspector,"Conduct thorough inspections of vehicles to ensure safety, compliance, and performance standards are met.","[""Inspection"", ""Safety Standards"", ""Diagnostics"", ""Attention to Detail""]","[""Certification in vehicle inspection or equivalent training."", ""Strong knowledge of vehicle systems and safety regulations."", ""Attention to detail and problem-solving skills."", ""1-3 years of experience in vehicle inspections.""]",2003-08-19 02:36:22,2003-08-19 02:36:22,,False,80
85b8e37b-0ebc-4da3-8993-6358c82635fc,6756b9369466383100024fd3,Wholesale and retail trade; repair and maintenance of motor vehicles,Fleet Maintenance Manager,"Oversee the repair and maintenance of a fleet of vehicles, ensuring minimal downtime and cost efficiency.","[""Fleet Management"", ""Maintenance"", ""Scheduling"", ""Budgeting""]","[""Bachelor’s degree in Automotive Management or related field preferred."", ""Experience in fleet maintenance or vehicle management."", ""Strong organizational and leadership skills."", ""3+ years of experience in fleet maintenance.""]",2001-11-30 23:12:24,2001-11-30 23:12:24,,True,160
95fc66a7-ec7e-4122-8efe-0113408ee0b4,6756b9369466383100024fd4,Wholesale and retail trade; repair and maintenance of motor vehicles,Tire Technician,"Inspect, repair, and replace vehicle tires, ensuring safety and proper alignment.","[""Tire Repair"", ""Alignment"", ""Maintenance"", ""Customer Service""]","[""High school diploma or equivalent."", ""Experience with tire installation and repair tools."", ""Knowledge of tire safety and maintenance standards."", ""1+ years of experience as a tire technician preferred.""]",2003-08-18 05:56:27,2003-08-18 05:56:27,,False,160
752d649b-cff2-4eb1-b6b5-eb91ab7f0b01,6756b9369466383100024fd5,Wholesale and retail trade; repair and maintenance of motor vehicles,Retail Store Manager - Automotive Parts,"Manage daily operations of an automotive parts retail store, ensuring excellent customer service and inventory control.","[""Retail Management"", ""Inventory Management"", ""Sales"", ""Team Leadership""]","[""Bachelor’s degree in Business or related field preferred."", ""Experience in retail management, especially in automotive parts."", ""Strong leadership and organizational skills."", ""3+ years of experience in retail management.""]",2013-10-21 02:40:37,2013-10-21 02:40:37,,True,160
6c8713b1-cd1a-430d-a3a4-1ab306e9391f,6756b9369466383100024fd6,Transportation and Storage,Logistics Coordinator,Plan and oversee transportation and storage of goods to ensure efficient supply chain operations.,"[""Logistics"", ""Supply Chain Management"", ""Scheduling"", ""Coordination""]","[""Bachelor’s degree in Logistics, Business, or related field."", ""Experience with logistics software (e.g., SAP, Oracle)."", ""Strong organizational and multitasking skills."", ""2+ years of experience in logistics.""]",2003-04-20 10:35:27,2003-04-20 10:35:27,,True,140
bb33ef0d-7423-44f9-8c50-369a18b32b6c,6756b9369466383100024fd7,Transportation and Storage,Truck Driver,Transport goods safely and efficiently while adhering to regulations and schedules.,"[""Driving"", ""Safety Compliance"", ""Time Management"", ""Long-Haul""]","[""Valid commercial driver’s license (CDL)."", ""Clean driving record."", ""Experience with long-haul or local deliveries."", ""Strong understanding of traffic and safety regulations.""]",2019-07-11 05:29:32,2019-07-11 05:29:32,,False,160
3beb3360-a24f-45ac-8dc8-6de3f7e1afe1,6756b9369466383100024fd8,Transportation and Storage,Warehouse Manager,"Oversee warehouse operations, including inventory management, staff supervision, and logistics coordination.","[""Inventory Management"", ""Team Leadership"", ""Logistics"", ""Problem Solving""]","[""Bachelor’s degree in Business, Logistics, or related field."", ""Experience in warehouse management."", ""Strong leadership and organizational skills."", ""3+ years of experience in warehouse operations.""]",2015-11-11 06:50:15,2015-11-11 06:50:15,,False,140
cbcf62c5-6baa-4390-b633-a7e1e81f45a5,6756b9369466383100024fd9,Transportation and Storage,Fleet Manager,"Manage a fleet of vehicles, ensuring proper maintenance, compliance, and cost efficiency.","[""Fleet Management"", ""Maintenance"", ""Scheduling"", ""Regulatory Compliance""]","[""Bachelor’s degree in Logistics or related field preferred."", ""Experience in fleet or transportation management."", ""Knowledge of maintenance protocols and regulations."", ""3+ years of experience in fleet management.""]",2018-05-29 07:16:18,2018-05-29 07:16:18,,True,80
6916fe13-0559-41aa-9a49-9bd733429395,6756b9369466383100024fda,Transportation and Storage,Cargo Handler,"Load, unload, and move cargo safely and efficiently in warehouses or transportation hubs.","[""Manual Labor"", ""Safety Compliance"", ""Teamwork"", ""Efficiency""]","[""High school diploma or equivalent."", ""Experience in cargo handling or warehouse work preferred."", ""Ability to lift heavy items and operate equipment."", ""Knowledge of safety standards is a plus.""]",2007-10-09 12:50:42,2007-10-09 12:50:42,,True,80
aab33727-d59e-4b29-b5d5-bf0b5ee9b8e5,6756b9369466383100024fdb,Transportation and Storage,Supply Chain Analyst,Analyze supply chain processes and provide insights to improve efficiency and reduce costs.,"[""Data Analysis"", ""Supply Chain Management"", ""Optimization"", ""Problem Solving""]","[""Bachelor’s degree in Supply Chain Management, Business, or related field."", ""Proficiency in data analysis tools (e.g., Excel, Tableau, SQL)."", ""Experience with supply chain software is a plus."", ""2+ years of experience in supply chain or logistics analysis.""]",2002-02-12 11:53:25,2002-02-12 11:53:25,,False,80
9574433f-66b8-4510-9123-08b305f3421c,6756b9369466383100024fdc,Transportation and Storage,Air Freight Specialist,Coordinate and manage air freight shipments to ensure timely delivery and compliance with regulations.,"[""Air Freight"", ""Logistics"", ""Customer Service"", ""Regulatory Compliance""]","[""High school diploma or equivalent; Bachelor’s degree preferred."", ""Experience with air freight logistics and documentation."", ""Strong organizational and multitasking skills."", ""Knowledge of international shipping regulations.""]",2021-03-11 07:29:35,2021-03-11 07:29:35,,True,160
7f6c9ab4-2f12-4af9-a4d8-cdbffb49ea31,6756b9369466383100024fdd,Transportation and Storage,Customs Broker,Ensure imported and exported goods comply with customs regulations and manage clearance processes.,"[""Customs Compliance"", ""International Trade"", ""Documentation"", ""Customer Service""]","[""Customs Broker License (if required in your region)."", ""Knowledge of import/export regulations and procedures."", ""Strong attention to detail and documentation skills."", ""Experience in logistics or freight forwarding is a plus.""]",2016-03-27 10:24:56,2016-03-27 10:24:56,,True,160
ae79941c-3dd7-428c-8f5d-b75e636cc0e7,6756b9369466383100024fde,Transportation and Storage,Rail Operations Manager,"Oversee rail transport operations, ensuring safety, efficiency, and on-time delivery.","[""Rail Operations"", ""Safety Compliance"", ""Logistics"", ""Team Management""]","[""Bachelor’s degree in Transportation Management, Logistics, or related field."", ""Experience with rail transport and logistics operations."", ""Strong leadership and organizational skills."", ""3+ years of experience in rail operations management.""]",2000-01-19 05:49:12,2000-01-19 05:49:12,,True,160
336af7d7-62fe-401d-9b1f-4dafbb6bb96f,6756b9369466383100024fdf,Transportation and Storage,Dispatch Coordinator,Schedule and dispatch vehicles or personnel to fulfill transportation requests efficiently.,"[""Dispatching"", ""Scheduling"", ""Communication"", ""Problem Solving""]","[""High school diploma or equivalent."", ""Experience in dispatching or transportation coordination."", ""Strong multitasking and communication skills."", ""Knowledge of dispatch software is a plus.""]",2024-08-07 10:21:45,2024-08-07 10:21:45,,True,160
fe2c5070-6235-4500-add8-3580bee106ae,6756b9369466383100024fe0,Administrative and Support Activities,Administrative Assistant,Provide administrative support to ensure efficient operation of the office.,"[""Organization"", ""Scheduling"", ""Communication"", ""Office Management""]","[""High school diploma or equivalent; associate’s degree preferred."", ""Proficiency in office software (e.g., Microsoft Office Suite)."", ""Strong organizational and multitasking skills."", ""1+ years of experience in an administrative role.""]",2017-12-07 03:56:13,2017-12-07 03:56:13,,False,80
386fec80-ab79-4700-84c4-26470d6a5860,6756b9369466383100024fe1,Administrative and Support Activities,Human Resources Coordinator,"Assist with HR processes, including recruitment, onboarding, and employee relations.","[""HR Support"", ""Recruitment"", ""Employee Relations"", ""Documentation""]","[""Bachelor’s degree in Human Resources, Business Administration, or related field."", ""Experience in HR or administrative roles."", ""Strong communication and interpersonal skills."", ""Proficiency in HR management software is a plus.""]",2001-09-13 12:30:53,2001-09-13 12:30:53,,False,160
42d6d576-0fdd-4270-b42b-c4b35ac097b0,6756b9369466383100024fe2,Administrative and Support Activities,Office Manager,"Oversee daily operations of the office, ensuring efficient workflows and smooth communication.","[""Office Management"", ""Leadership"", ""Budgeting"", ""Problem Solving""]","[""Bachelor’s degree in Business Administration or related field."", ""Experience in office management or administration."", ""Strong leadership and problem-solving skills."", ""2+ years of experience managing office operations.""]",2000-02-08 02:37:52,2000-02-08 02:37:52,,False,160
5cf68caf-379d-4966-a7d0-768fb4556568,6756b9369466383100024fe3,Administrative and Support Activities,Call Center Supervisor,"Manage call center agents, monitor performance, and ensure excellent customer service.","[""Call Center Management"", ""Customer Service"", ""Team Leadership"", ""Reporting""]","[""High school diploma or equivalent; associate’s degree preferred."", ""Experience in customer service or call center operations."", ""Strong leadership and organizational skills."", ""1+ years of supervisory experience.""]",2001-09-01 18:55:48,2001-09-01 18:55:48,,False,160
fc7aa74a-e5be-4f31-b5af-9e54edb3186b,6756b9369466383100024fe4,Administrative and Support Activities,Receptionist,"Greet visitors, manage phone calls, and handle front desk operations in a professional manner.","[""Customer Service"", ""Front Desk"", ""Organization"", ""Multitasking""]","[""High school diploma or equivalent."", ""Experience in customer service or front desk roles preferred."", ""Proficiency in office software and phone systems."", ""Strong interpersonal and organizational skills.""]",2016-02-12 21:42:48,2016-02-12 21:42:48,,True,80
9e412915-2989-49b5-b692-1a91a4afc6a1,6756b9369466383100024fe5,Finance and Insurance,Financial Analyst,Analyze financial data and provide insights to support decision-making and improve company performance.,"[""Financial Analysis"", ""Budgeting"", ""Forecasting"", ""Data Interpretation""]","[""Bachelor’s degree in Finance, Accounting, or related field."", ""Proficiency in financial modeling and analysis tools (e.g., Excel, Tableau)."", ""Strong analytical and problem-solving skills."", ""2+ years of experience in financial analysis.""]",2006-07-23 13:21:41,2006-07-23 13:21:41,,True,140
212788de-240a-4bc6-8670-b57af02f71a4,6756b9369466383100024fe6,Finance and Insurance,Insurance Underwriter,Evaluate applications for insurance coverage and determine appropriate terms and premiums.,"[""Risk Assessment"", ""Insurance Policies"", ""Decision Making"", ""Attention to Detail""]","[""Bachelor’s degree in Finance, Insurance, or related field."", ""Knowledge of underwriting principles and practices."", ""Strong analytical and communication skills."", ""Experience in insurance underwriting is preferred.""]",2018-09-21 14:48:33,2018-09-21 14:48:33,,False,140
418e4508-bcdc-4a5b-9e03-f3d0e378ffde,6756b9369466383100024fe7,Finance and Insurance,Credit Analyst,Assess creditworthiness of individuals or organizations and recommend loan approvals or denials.,"[""Credit Analysis"", ""Risk Assessment"", ""Financial Reports"", ""Decision Making""]","[""Bachelor’s degree in Finance, Economics, or related field."", ""Experience in credit or risk analysis."", ""Proficiency in financial reporting tools."", ""Strong problem-solving and analytical skills.""]",2010-09-11 12:50:12,2010-09-11 12:50:12,,False,80
491943d7-85bc-4dcd-bcd9-f301ba519be5,6756b9369466383100024fe8,Finance and Insurance,Investment Advisor,Provide financial planning advice and investment recommendations to clients.,"[""Investment Strategy"", ""Client Relations"", ""Market Research"", ""Financial Planning""]","[""Bachelor’s degree in Finance, Economics, or related field."", ""Certification as a Certified Financial Planner (CFP) or equivalent is preferred."", ""Strong knowledge of investment products and markets."", ""2+ years of experience in financial advising.""]",2024-05-01 16:22:45,2024-05-01 16:22:45,,True,160
0f99d205-dc3b-4ffa-96c8-809ca3f9ad33,6756b9369466383100024fe9,Finance and Insurance,Claims Adjuster,Investigate insurance claims and determine fair settlements for policyholders.,"[""Claims Investigation"", ""Negotiation"", ""Customer Service"", ""Regulatory Compliance""]","[""High school diploma or equivalent; Bachelor’s degree preferred."", ""Knowledge of insurance claims processes."", ""Strong negotiation and communication skills."", ""Experience in claims adjustment is a plus.""]",2011-06-09 08:14:39,2011-06-09 08:14:39,,False,140
49cb81f9-16e1-4df7-a273-a5adfc04e2a0,6756b9369466383100024fea,Finance and Insurance,Tax Advisor,"Advise individuals and businesses on tax planning, preparation, and strategies to minimize tax liability.","[""Tax Planning"", ""Financial Consulting"", ""Regulations"", ""Compliance""]","[""Bachelor’s degree in Accounting, Finance, or related field."", ""Certified Public Accountant (CPA) certification preferred."", ""In-depth knowledge of tax laws and regulations."", ""2+ years of experience in tax advisory or preparation.""]",2018-11-05 06:52:22,2018-11-05 06:52:22,,False,160
d52ae9d5-661c-4d17-8dec-6c07570f2583,6756b9369466383100024feb,Finance and Insurance,Insurance Claims Examiner,"Examine insurance claims, evaluate the validity of claims, and process settlements for policyholders.","[""Claims Processing"", ""Insurance"", ""Risk Management"", ""Documentation""]","[""High school diploma or equivalent; Bachelor’s degree preferred."", ""Experience in claims processing or insurance-related roles."", ""Strong attention to detail and analytical skills."", ""Knowledge of insurance policies and regulations.""]",2022-05-21 00:10:16,2022-05-21 00:10:16,,True,160
ff054d00-39c8-4ec7-8748-415790b5a8b3,6756b9369466383100024fec,Finance and Insurance,Mortgage Loan Officer,"Help clients obtain mortgage loans by advising on loan options, processing applications, and ensuring timely approvals.","[""Mortgage"", ""Loan Processing"", ""Client Relations"", ""Real Estate""]","[""Bachelor’s degree in Finance, Business, or related field."", ""Experience in mortgage lending or real estate finance."", ""Excellent communication and negotiation skills."", ""Knowledge of mortgage products and financial regulations.""]",2008-05-10 00:01:28,2008-05-10 00:01:28,,True,140
308079f3-160b-4c17-bbb5-1f040c871685,6756b9369466383100024fed,Finance and Insurance,Risk Manager,"Identify, evaluate, and manage financial risks to ensure that the organization maintains a stable financial position.","[""Risk Assessment"", ""Risk Mitigation"", ""Insurance"", ""Compliance""]","[""Bachelor’s degree in Finance, Business, or Risk Management."", ""Experience in risk management or financial services."", ""Strong analytical and decision-making skills."", ""Knowledge of risk management tools and strategies.""]",2006-12-10 13:37:41,2006-12-10 13:37:41,,False,140
e003ddca-bc14-47e8-95a9-e070dfb11432,6756b9369466383100024fee,Finance and Insurance,Actuary,Analyze financial risks and uncertainties using mathematical models and statistics to help organizations make informed decisions.,"[""Data Analysis"", ""Risk Assessment"", ""Mathematics"", ""Statistical Modeling""]","[""Bachelor’s degree in Actuarial Science, Mathematics, or related field."", ""Proficiency in actuarial software and statistical tools."", ""Strong problem-solving and analytical skills."", ""Completion of actuarial exams (or in progress) is required.""]",2000-11-10 05:44:45,2000-11-10 05:44:45,,False,160
57360dea-b18b-4800-b6de-7bdc140671ad,6756b9369466383100024fef,Information and Communication,Software Developer,"Design, develop, and maintain software applications tailored to client needs.","[""Software Development"", ""Programming"", ""Agile"", ""Problem Solving""]","[""Bachelor’s degree in Computer Science or related field."", ""Proficiency in programming languages (e.g., Python, Java, C#)."", ""Experience with Agile methodologies."", ""2+ years of software development experience.""]",2005-09-18 13:02:28,2005-09-18 13:02:28,,True,80
1eae8842-4143-48b3-a87e-f83fd55f2aee,6756b9369466383100024ff0,Information and Communication,Data Analyst,Analyze data to help organizations make informed business decisions.,"[""Data Analysis"", ""SQL"", ""Visualization"", ""Problem Solving""]","[""Bachelor’s degree in Data Science, Statistics, or related field."", ""Proficiency in data analysis tools (e.g., Excel, Tableau, R)."", ""Experience with SQL and database management."", ""1+ years of experience in data analytics.""]",2020-12-22 13:07:30,2020-12-22 13:07:30,,True,160
ec43777a-0acf-44d9-99bd-c5bdf53ffbf5,6756b9369466383100024ff1,Information and Communication,Network Administrator,Manage and maintain an organization's computer networks to ensure uptime and security.,"[""Networking"", ""IT Support"", ""Security"", ""Troubleshooting""]","[""Bachelor’s degree in Information Technology or related field."", ""Experience with network hardware and software."", ""Strong troubleshooting and problem-solving skills."", ""2+ years of experience in network administration.""]",2007-02-01 05:35:23,2007-02-01 05:35:23,,True,160
809e42c2-38f6-4aec-b0b4-d33f650dc888,6756b9369466383100024ff2,Information and Communication,Digital Marketing Specialist,Develop and execute digital campaigns to increase online visibility and sales.,"[""SEO"", ""Social Media Marketing"", ""Content Creation"", ""Analytics""]","[""Bachelor’s degree in Marketing, Communications, or related field."", ""Proficiency in digital marketing tools (e.g., Google Analytics, AdWords)."", ""Experience with social media platforms and content creation."", ""2+ years of experience in digital marketing.""]",2010-04-19 05:24:29,2010-04-19 05:24:29,,True,160
ef1062f7-1167-46aa-bf0d-f8a2939e200d,6756b9369466383100024ff3,Information and Communication,Cybersecurity Specialist,Protect an organization's systems and data from cyber threats.,"[""Cybersecurity"", ""Risk Management"", ""IT Security"", ""Ethical Hacking""]","[""Bachelor’s degree in Cybersecurity or Information Technology."", ""Experience with firewalls, VPNs, and security protocols."", ""Relevant certifications (e.g., CISSP, CEH) preferred."", ""2+ years of experience in IT security.""]",2004-06-30 11:02:22,2004-06-30 11:02:22,,False,160
7b8b7c44-5a6e-47f6-8e10-25ec8044abbc,6756b9369466383100024ff4,Accommodation and Hospitality,Hotel Manager,"Oversee daily hotel operations, ensuring guest satisfaction and efficient service.","[""Management"", ""Guest Relations"", ""Operations"", ""Budgeting""]","[""Bachelor’s degree in Hospitality Management or related field."", ""Strong leadership and organizational skills."", ""Experience with hotel management software."", ""3+ years of experience in hospitality management.""]",2016-11-08 02:17:22,2016-11-08 02:17:22,,True,160
92cb38e3-a072-4dde-a4ea-6ebefddee872,6756b9369466383100024ff5,Accommodation and Hospitality,Chef,Plan and prepare high-quality meals while managing kitchen staff and inventory.,"[""Cooking"", ""Kitchen Management"", ""Creativity"", ""Food Safety""]","[""Culinary degree or equivalent training."", ""Experience in menu planning and inventory management."", ""Strong leadership and creative skills."", ""3+ years of experience as a chef.""]",2015-07-14 16:33:17,2015-07-14 16:33:17,,True,160
c96079e7-f170-4674-9363-6e446ef5f615,6756b9369466383100024ff6,Accommodation and Hospitality,Event Coordinator,"Plan and execute events, ensuring client satisfaction and seamless operations.","[""Event Planning"", ""Budget Management"", ""Logistics"", ""Customer Service""]","[""Bachelor’s degree in Event Management, Hospitality, or related field."", ""Strong organizational and communication skills."", ""Experience with event planning tools."", ""2+ years of experience in event coordination.""]",2023-02-12 12:15:43,2023-02-12 12:15:43,,False,80
c4b6056e-3fb0-4d4f-a4b0-df40b5822b05,6756b9369466383100024ff7,Accommodation and Hospitality,Housekeeping Supervisor,"Supervise housekeeping staff, ensuring rooms and public areas meet cleanliness standards.","[""Supervision"", ""Quality Control"", ""Time Management"", ""Hospitality""]","[""High school diploma or equivalent."", ""Experience in housekeeping or hospitality."", ""Strong organizational and leadership skills."", ""2+ years of experience in housekeeping management.""]",2008-10-25 19:25:41,2008-10-25 19:25:41,,False,160
796d4a22-dd4c-4df3-a4ba-dfe4a0532d3f,6756b9369466383100024ff8,Accommodation and Hospitality,Front Desk Agent,"Handle guest check-ins and check-outs, answer inquiries, and provide exceptional customer service.","[""Customer Service"", ""Problem Solving"", ""Multitasking"", ""Communication""]","[""High school diploma or equivalent."", ""Experience in hospitality or customer service preferred."", ""Proficiency with reservation software is a plus."", ""Strong interpersonal skills.""]",2019-02-27 14:28:38,2019-02-27 14:28:38,,True,160
c56ecaa8-13f6-4e3d-b0f8-30bbcde079a6,6756b9369466383100024ff9,Information and Communication,Software Developer,"Develop, test, and maintain software applications to meet business and user needs.","[""Software Development"", ""Programming"", ""Tech Skills"", ""Problem Solving""]","[""Bachelor’s degree in Computer Science, Information Technology, or related field."", ""Proficiency in programming languages (e.g., Java, Python, C++)."", ""Experience with software development frameworks and tools."", ""Strong problem-solving skills and attention to detail.""]",2019-01-03 11:49:53,2019-01-03 11:49:53,,False,160
bc9546b3-880e-4176-8b70-e836fe85ef17,6756b9369466383100024ffa,Information and Communication,Network Administrator,Manage and maintain the company’s computer networks to ensure smooth and secure operations.,"[""Networking"", ""IT Support"", ""System Maintenance"", ""Security""]","[""Bachelor’s degree in Information Technology or related field."", ""Experience in network administration and troubleshooting."", ""Knowledge of networking protocols and security systems."", ""Certifications such as CCNA or CompTIA Network+ are a plus.""]",2024-12-07 03:44:22,2024-12-07 03:44:22,,True,160
3677a0b2-eb5d-4f32-a3d0-ec3368ec7056,6756b9369466383100024ffb,Information and Communication,Content Writer,"Create engaging written content for websites, blogs, social media, and other digital platforms.","[""Writing"", ""Content Creation"", ""SEO"", ""Creativity""]","[""Bachelor’s degree in Journalism, Communications, or related field."", ""Experience in writing and content creation."", ""Familiarity with SEO best practices and keyword research."", ""Excellent writing, editing, and proofreading skills.""]",2012-07-01 22:32:13,2012-07-01 22:32:13,,True,140
fde9e5b3-1b28-403e-b1cf-9a8f8fc70723,6756b9369466383100024ffc,Information and Communication,Digital Marketing Specialist,"Develop and implement online marketing strategies to drive traffic, engagement, and conversions.","[""Digital Marketing"", ""SEO"", ""PPC"", ""Social Media""]","[""Bachelor’s degree in Marketing, Communications, or related field."", ""Experience with digital marketing tools and platforms (e.g., Google Analytics, Facebook Ads)."", ""Strong understanding of SEO and SEM."", ""Ability to analyze marketing data and adjust strategies accordingly.""]",2017-03-12 01:36:28,2017-03-12 01:36:28,,True,140
e0348734-e73f-4982-a05d-f6adcf427acc,6756b9369466383100024ffd,Information and Communication,IT Support Specialist,"Provide technical support to employees, troubleshooting hardware, software, and network issues.","[""IT Support"", ""Troubleshooting"", ""Customer Service"", ""Technical Skills""]","[""Bachelor’s degree in Information Technology or related field."", ""Experience in IT support or customer service."", ""Proficiency in diagnosing hardware and software issues."", ""Excellent communication skills and ability to work under pressure.""]",2015-03-23 16:53:16,2015-03-23 16:53:16,,False,80
b220bea0-9da3-4350-a906-1de49cb994d6,6756b9369466383100024ffe,Accommodation and Hospitality,Hotel Front Desk Manager,"Manage the front desk operations, ensuring excellent customer service and smooth check-in/check-out processes.","[""Customer Service"", ""Hotel Management"", ""Guest Relations"", ""Leadership""]","[""Bachelor’s degree in Hospitality Management or related field."", ""Experience in hotel or front desk management."", ""Strong communication and leadership skills."", ""Ability to manage a team and handle guest inquiries.""]",2019-01-08 12:05:26,2019-01-08 12:05:26,,True,160
cfec6181-4bd0-4788-8317-bba5c0dd82d7,6756b9369466383100024fff,Accommodation and Hospitality,Chef de Partie,"Oversee a specific section of the kitchen, preparing and cooking high-quality meals in a fast-paced environment.","[""Cooking"", ""Kitchen Management"", ""Food Preparation"", ""Teamwork""]","[""Culinary school degree or equivalent experience."", ""Experience in a high-end or busy kitchen environment."", ""Excellent cooking skills and attention to detail."", ""Ability to work under pressure and in a team.""]",2018-11-07 12:13:50,2018-11-07 12:13:50,,False,140
5136e088-c79d-4b27-986e-382d2b603cdb,6756b9369466383100025000,Accommodation and Hospitality,Housekeeping Supervisor,Oversee housekeeping staff to ensure cleanliness and maintenance of guest rooms and common areas.,"[""Housekeeping"", ""Team Management"", ""Organization"", ""Customer Service""]","[""High school diploma or equivalent."", ""Experience in housekeeping or hospitality management."", ""Strong organizational and leadership skills."", ""Ability to train and supervise a team.""]",2003-07-04 08:28:46,2003-07-04 08:28:46,,True,160
1290c2e7-caf3-4cab-a07a-1ab00b25f32d,6756b9369466383100025001,Accommodation and Hospitality,Restaurant Host/Hostess,"Greet and seat guests, manage reservations, and ensure smooth seating flow in the restaurant.","[""Customer Service"", ""Guest Relations"", ""Hospitality"", ""Organization""]","[""High school diploma or equivalent."", ""Previous experience in a customer service or hospitality role."", ""Excellent interpersonal and communication skills."", ""Ability to stay organized in a busy environment.""]",2020-06-30 10:01:38,2020-06-30 10:01:38,,False,80
c1fef4cf-65a2-4165-86c4-39d205b29cb2,6756b9369466383100025002,Accommodation and Hospitality,Event Coordinator,"Plan and coordinate events, ensuring all aspects such as venue, catering, and entertainment are in place for a seamless experience.","[""Event Planning"", ""Client Relations"", ""Logistics"", ""Organization""]","[""Bachelor’s degree in Hospitality, Event Management, or related field."", ""Experience in event planning or coordination."", ""Strong organizational and communication skills."", ""Ability to work under tight deadlines and manage multiple tasks.""]",2005-11-23 02:00:06,2005-11-23 02:00:06,,True,140
910b1008-3d29-4a30-90e5-a388200c02e2,6756b9369466383100025003,"Agriculture, Forestry, Fishing",Agricultural Engineer,Design and develop systems and equipment to improve agricultural production and efficiency.,"[""Engineering"", ""Agriculture"", ""Sustainability"", ""Technology""]","[""Bachelor’s degree in Agricultural Engineering or related field."", ""Experience with agricultural technologies and machinery."", ""Strong problem-solving skills and innovation."", ""Knowledge of sustainability practices in agriculture.""]",2014-07-05 05:40:28,2014-07-05 05:40:28,,False,80
a98d3984-5b5f-4246-be9c-7dceb629a92c,6756b9369466383100025004,"Agriculture, Forestry, Fishing",Forestry Technician,"Assist in managing and conserving forest resources by monitoring tree growth, health, and inventory.","[""Forestry"", ""Conservation"", ""Environmental Science"", ""Field Work""]","[""Associate’s or Bachelor’s degree in Forestry or Environmental Science."", ""Experience in forestry management or land conservation."", ""Strong physical stamina for field work."", ""Knowledge of environmental regulations and forest health monitoring.""]",2021-08-06 10:04:20,2021-08-06 10:04:20,,False,160
293da811-2047-4109-9a0a-1a3d8a74eb98,6756b9369466383100025005,"Agriculture, Forestry, Fishing",Fisheries Biologist,"Conduct research on fish populations, ecosystems, and habitats to promote sustainable fishing practices.","[""Biology"", ""Fisheries"", ""Sustainability"", ""Research""]","[""Bachelor’s degree in Biology, Fisheries Science, or related field."", ""Experience in fisheries management or aquatic biology."", ""Strong data analysis and research skills."", ""Knowledge of conservation practices and aquatic ecosystems.""]",2023-11-18 04:09:54,2023-11-18 04:09:54,,False,140
816798d0-77cf-41c5-99c9-b9bcb466435b,6756b9369466383100025006,"Agriculture, Forestry, Fishing",Farm Manager,"Oversee farm operations, manage crops, livestock, and personnel to ensure productivity and sustainability.","[""Farm Management"", ""Agriculture"", ""Sustainability"", ""Team Management""]","[""Bachelor’s degree in Agriculture, Horticulture, or related field."", ""Experience in farm management or agriculture operations."", ""Strong leadership and organizational skills."", ""Knowledge of sustainable farming practices and crop/livestock management.""]",2013-05-05 14:32:14,2013-05-05 14:32:14,,True,80
6b1d8054-8ccf-494c-a089-74204d5dbf77,6756b9369466383100025007,"Agriculture, Forestry, Fishing",Soil Scientist,Study the properties of soil and its relationship to plant growth to develop sustainable farming practices.,"[""Soil Science"", ""Agriculture"", ""Environmental Science"", ""Research""]","[""Bachelor’s degree in Soil Science, Agriculture, or related field."", ""Experience in soil analysis and sustainable land management."", ""Strong research and analytical skills."", ""Knowledge of soil conservation and fertility management techniques.""]",2010-05-23 14:20:32,2010-05-23 14:20:32,,True,160
169c010c-f8b6-469b-96f3-d14a2cf62e17,6756b9369466383100025008,"Agriculture, Forestry, Fishing",Irrigation Specialist,Design and manage irrigation systems to optimize water usage and support sustainable agricultural practices.,"[""Irrigation"", ""Water Management"", ""Agriculture"", ""Sustainability""]","[""Bachelor’s degree in Agricultural Engineering, Water Management, or related field."", ""Experience in designing and maintaining irrigation systems."", ""Knowledge of water conservation and irrigation technologies."", ""Strong problem-solving and project management skills.""]",2017-01-25 22:03:58,2017-01-25 22:03:58,,True,140
a581fde5-4a29-4413-978c-5ef1eaa69acc,6756b9369466383100025009,"Agriculture, Forestry, Fishing",Veterinarian (Livestock),"Provide medical care and preventive services to farm animals, ensuring health and productivity.","[""Veterinary"", ""Livestock"", ""Animal Health"", ""Care""]","[""Doctor of Veterinary Medicine (DVM) degree."", ""Experience in treating farm animals (e.g., cattle, sheep, poultry)."", ""Strong diagnostic and problem-solving skills."", ""Ability to work in rural or field-based settings.""]",2006-06-17 14:44:00,2006-06-17 14:44:00,,False,160
b05fa601-7245-43c7-823a-73fc86985ee9,6756b936946638310002500a,"Agriculture, Forestry, Fishing",Agricultural Technician,"Support agricultural research and operations, collecting data, maintaining equipment, and assisting with field trials.","[""Agriculture"", ""Research"", ""Field Work"", ""Data Collection""]","[""Associate’s degree in Agriculture or related field."", ""Experience with agricultural tools and equipment."", ""Strong organizational and record-keeping skills."", ""Willingness to work outdoors and in various weather conditions.""]",2020-08-30 18:47:20,2020-08-30 18:47:20,,False,80
51b8bffa-7e72-4848-afb2-403864e0f6c8,6756b936946638310002500b,"Agriculture, Forestry, Fishing",Crop Consultant,"Advise farmers on crop selection, pest control, and soil management to maximize yield and sustainability.","[""Consulting"", ""Agriculture"", ""Crop Management"", ""Sustainability""]","[""Bachelor’s degree in Agriculture, Agronomy, or related field."", ""Experience in crop management or agricultural consulting."", ""Strong problem-solving and communication skills."", ""Knowledge of sustainable farming practices and pest management.""]",2010-10-18 15:15:35,2010-10-18 15:15:35,,False,140
c3f90837-7e33-4efe-b8dc-394085e5335d,6756b936946638310002500c,"Agriculture, Forestry, Fishing",Horticulturist,"Manage the cultivation of plants, flowers, and trees for commercial, recreational, or conservation purposes.","[""Horticulture"", ""Plant Care"", ""Sustainability"", ""Agriculture""]","[""Bachelor’s degree in Horticulture, Botany, or related field."", ""Experience in plant cultivation or garden management."", ""Knowledge of plant species, soil types, and pest management."", ""Strong attention to detail and organizational skills.""]",2020-12-08 08:59:00,2020-12-08 08:59:00,,False,160
bf9d59f7-3beb-40cc-98b0-dc9449edc99a,6756b936946638310002500d,"Water Supply; Activities Related to Waste Water, Waste and Sanitation",Water Treatment Plant Operator,Operate and maintain water treatment facilities to ensure the safe and effective delivery of clean water.,"[""Water Treatment"", ""Utilities"", ""Engineering"", ""Maintenance""]","[""High school diploma or equivalent; certification in water treatment is preferred."", ""Experience in water treatment or utilities operations."", ""Knowledge of water treatment systems and safety protocols."", ""Ability to perform routine maintenance and troubleshooting tasks.""]",2008-10-29 13:44:37,2008-10-29 13:44:37,,False,80
ac6b2ef7-6056-4c1a-bf31-5198e2461ce6,6756b936946638310002500e,"Water Supply; Activities Related to Waste Water, Waste and Sanitation",Environmental Health Specialist,Monitor and manage environmental health risks related to waste management and sanitation to ensure public safety.,"[""Environmental Health"", ""Waste Management"", ""Public Safety"", ""Compliance""]","[""Bachelor’s degree in Environmental Science, Public Health, or related field."", ""Experience in waste management or environmental health."", ""Strong knowledge of public health regulations and sanitation practices."", ""Excellent communication and problem-solving skills.""]",2015-12-01 08:18:52,2015-12-01 08:18:52,,False,140
52cf6712-511e-4d00-8f12-c0b3c0ac1971,6756b936946638310002500f,"Water Supply; Activities Related to Waste Water, Waste and Sanitation",Wastewater Treatment Technician,Monitor and maintain wastewater treatment processes to ensure compliance with environmental standards.,"[""Wastewater"", ""Environmental Compliance"", ""Technician"", ""Water Treatment""]","[""High school diploma or equivalent; certification in wastewater treatment preferred."", ""Experience in wastewater treatment or environmental services."", ""Strong knowledge of water quality standards and regulations."", ""Ability to operate and maintain wastewater treatment equipment.""]",2011-05-19 17:49:27,2011-05-19 17:49:27,,True,160
7481d485-7507-4ead-9ac5-562133235138,6756b9369466383100025010,"Water Supply; Activities Related to Waste Water, Waste and Sanitation",Sanitation Engineer,"Design and implement sanitation systems for urban or rural areas, ensuring efficient waste disposal and health safety.","[""Sanitation"", ""Engineering"", ""Waste Management"", ""Public Health""]","[""Bachelor’s degree in Environmental Engineering, Civil Engineering, or related field."", ""Experience in sanitation system design and management."", ""Knowledge of waste disposal regulations and public health safety."", ""Strong problem-solving and project management skills.""]",2024-01-04 04:18:49,2024-01-04 04:18:49,,False,80
b052cc31-093a-4ea7-9703-5a46ab5ebbda,6756b9369466383100025011,"Water Supply; Activities Related to Waste Water, Waste and Sanitation",Solid Waste Manager,"Oversee the collection, disposal, and recycling of solid waste to ensure proper waste management and environmental protection.","[""Waste Management"", ""Environmental Protection"", ""Recycling"", ""Public Health""]","[""Bachelor’s degree in Environmental Science, Waste Management, or related field."", ""Experience in solid waste management or municipal services."", ""Knowledge of waste disposal, recycling processes, and regulations."", ""Strong leadership and organizational skills.""]",2015-06-06 21:41:26,2015-06-06 21:41:26,,True,80
a11edffd-f1e0-4377-bee2-028a9a15b69a,6756b9369466383100025012,"Water Supply; Activities Related to Waste Water, Waste and Sanitation",Sewage System Maintenance Worker,Perform routine inspections and maintenance on sewage systems to ensure proper functioning and prevent system failures.,"[""Sewage Systems"", ""Maintenance"", ""Wastewater"", ""Public Health""]","[""High school diploma or equivalent."", ""Experience in sewer system maintenance or related field."", ""Knowledge of sewage systems and plumbing techniques."", ""Ability to perform physical labor and work in confined spaces.""]",2007-11-05 13:13:17,2007-11-05 13:13:17,,False,80
f88a4b9d-e443-479e-8a29-f078ae39f868,6756b9369466383100025013,"Water Supply; Activities Related to Waste Water, Waste and Sanitation",Water Resources Specialist,"Monitor and manage water resources, ensuring sustainable use and compliance with environmental regulations.","[""Water Resources"", ""Sustainability"", ""Environmental Science"", ""Regulations""]","[""Bachelor’s degree in Environmental Science, Water Resources, or related field."", ""Experience in water resources management or environmental protection."", ""Strong analytical and problem-solving skills."", ""Knowledge of water use regulations and sustainability practices.""]",2001-05-19 18:34:54,2001-05-19 18:34:54,,False,80
5ffcfeb4-8fd8-47ca-8505-9029f9b71092,6756b9369466383100025014,"Water Supply; Activities Related to Waste Water, Waste and Sanitation",Public Health Sanitarian,"Inspect and monitor sanitation practices in public areas, ensuring compliance with public health regulations and standards.","[""Public Health"", ""Sanitation"", ""Regulatory Compliance"", ""Inspection""]","[""Bachelor’s degree in Public Health, Environmental Health, or related field."", ""Experience in health inspections or sanitation monitoring."", ""Strong knowledge of sanitation regulations and public health standards."", ""Excellent communication and analytical skills.""]",2004-12-24 07:08:20,2004-12-24 07:08:20,,False,160
c86780cd-82ec-4eab-817a-a113f6032bef,6756b9369466383100025015,"Water Supply; Activities Related to Waste Water, Waste and Sanitation",Hydrologist,"Study the distribution, movement, and properties of water in the environment to support water management and conservation efforts.","[""Hydrology"", ""Water Resources"", ""Research"", ""Environmental Science""]","[""Bachelor’s degree in Hydrology, Environmental Science, or related field."", ""Experience in water resources management or hydrological research."", ""Strong analytical and research skills."", ""Knowledge of water conservation techniques and environmental regulations.""]",2015-12-08 06:25:15,2015-12-08 06:25:15,,True,160
4da15790-19e6-49e9-b5f6-6b508430bb14,6756b9369466383100025016,"Water Supply; Activities Related to Waste Water, Waste and Sanitation",Recycling Coordinator,"Oversee and implement recycling programs for waste materials, ensuring compliance with environmental and safety regulations.","[""Recycling"", ""Waste Management"", ""Environmental Compliance"", ""Sustainability""]","[""Bachelor’s degree in Environmental Science, Sustainability, or related field."", ""Experience in recycling programs or waste management."", ""Strong knowledge of waste segregation and recycling processes."", ""Excellent organizational and communication skills.""]",2017-11-11 14:23:41,2017-11-11 14:23:41,,False,80
b07f8727-4a35-4719-97f4-05fbaeb8c132,6756b9369466383100025017,Health and Social Care,Registered Nurse,"Provide medical care and support to patients, ensuring their comfort, safety, and recovery.","[""Nursing"", ""Patient Care"", ""Healthcare"", ""Medical""]","[""Bachelor’s degree in Nursing or equivalent qualification."", ""Registered nurse with a valid license."", ""Strong clinical skills and attention to detail."", ""Ability to work in high-pressure environments.""]",2007-04-04 04:42:08,2007-04-04 04:42:08,,False,160
5411894d-fb66-4cce-abf4-5944de148e99,6756b9369466383100025018,Health and Social Care,Social Worker,Support individuals and families in need of social assistance by assessing and providing resources to improve their quality of life.,"[""Social Work"", ""Counseling"", ""Support Services"", ""Case Management""]","[""Bachelor’s or Master’s degree in Social Work."", ""Experience in case management or social services."", ""Strong communication and empathetic skills."", ""Knowledge of local community resources and programs.""]",2000-08-11 16:02:52,2000-08-11 16:02:52,,False,160
045289a9-7842-42f6-94a2-2bc364fc5bb7,6756b9369466383100025019,Health and Social Care,Occupational Therapist,"Assist patients in developing or regaining the skills necessary for daily living and working after illness, injury, or surgery.","[""Occupational Therapy"", ""Patient Care"", ""Healthcare"", ""Rehabilitation""]","[""Bachelor’s or Master’s degree in Occupational Therapy."", ""Licensure as an Occupational Therapist."", ""Experience in clinical or rehabilitation settings."", ""Strong interpersonal and communication skills.""]",2020-02-18 23:19:56,2020-02-18 23:19:56,,True,140
5ba12a5c-0d92-4c68-ab79-7c3b2fa66a5f,6756b936946638310002501a,Health and Social Care,Caregiver,"Provide personal care and assistance to individuals with physical or mental disabilities, helping them with daily activities.","[""Caregiving"", ""Personal Care"", ""Elderly Care"", ""Assistance""]","[""High school diploma or equivalent."", ""Experience in caregiving or healthcare roles."", ""Compassionate, patient, and reliable."", ""Ability to handle physical tasks such as lifting or assisting with mobility.""]",2014-11-23 06:43:55,2014-11-23 06:43:55,,True,140
75189f4f-79af-442b-8479-00b361bddfe6,6756b936946638310002501b,Health and Social Care,Mental Health Counselor,"Provide therapy and counseling services to individuals dealing with mental health issues, such as anxiety, depression, and trauma.","[""Mental Health"", ""Counseling"", ""Therapy"", ""Well-being""]","[""Master’s degree in Counseling, Psychology, or related field."", ""Licensure as a professional counselor."", ""Experience with individual and group therapy."", ""Strong empathy, communication, and listening skills.""]",2015-02-06 16:27:32,2015-02-06 16:27:32,,False,140
9bb9131a-d2c0-49f0-be67-46dd0a7a9a77,6756b936946638310002501c,"Electricity, Gas, Steam and Air Conditioning Supply and Distribution",Electrical Engineer,"Design, develop, and maintain electrical systems and equipment used for power generation, transmission, and distribution.","[""Electrical Engineering"", ""Power Systems"", ""Engineering"", ""Utilities""]","[""Bachelor’s degree in Electrical Engineering or related field."", ""Experience in electrical power systems design and analysis."", ""Knowledge of electrical codes and safety regulations."", ""Strong problem-solving and technical skills.""]",2023-11-08 18:36:29,2023-11-08 18:36:29,,False,140
a0055306-63ec-425a-9038-1fe4e8b233fb,6756b936946638310002501d,"Electricity, Gas, Steam and Air Conditioning Supply and Distribution",Energy Auditor,Conduct assessments of buildings and facilities to evaluate energy consumption and recommend improvements for energy efficiency.,"[""Energy Audit"", ""Efficiency"", ""Sustainability"", ""Engineering""]","[""Bachelor’s degree in Environmental Engineering, Energy Management, or related field."", ""Experience with energy auditing and analysis."", ""Knowledge of energy-efficient technologies and practices."", ""Strong analytical and communication skills.""]",2014-12-06 16:33:23,2014-12-06 16:33:23,,True,80
34abfe43-9275-42c9-8e05-f9dde4002136,6756b936946638310002501e,"Electricity, Gas, Steam and Air Conditioning Supply and Distribution",Gas Plant Operator,"Operate and monitor the systems that control the distribution of natural gas, ensuring safe and efficient operations.","[""Gas Operations"", ""Plant Management"", ""Safety"", ""Utilities""]","[""High school diploma or equivalent."", ""Experience in gas plant operations or similar industrial settings."", ""Knowledge of safety standards and regulations."", ""Ability to monitor and control complex systems.""]",2023-01-17 23:04:48,2023-01-17 23:04:48,,True,80
5f83179d-a288-40c6-8552-1bb6f26d7b7a,6756b936946638310002501f,"Electricity, Gas, Steam and Air Conditioning Supply and Distribution",HVAC Technician,"Install, repair, and maintain heating, ventilation, and air conditioning (HVAC) systems in residential, commercial, and industrial buildings.","[""HVAC"", ""Heating"", ""Air Conditioning"", ""Maintenance""]","[""High school diploma or equivalent."", ""Certification in HVAC or relevant technical field."", ""Experience with HVAC systems installation and troubleshooting."", ""Strong technical and mechanical skills.""]",2000-05-13 15:49:28,2000-05-13 15:49:28,,False,80
9c8906ad-332d-443f-a78a-45cc3840c665,6756b9369466383100025020,"Electricity, Gas, Steam and Air Conditioning Supply and Distribution",Power Systems Technician,"Install, maintain, and repair electrical equipment used for power generation, transmission, and distribution.","[""Power Systems"", ""Electrical"", ""Utilities"", ""Maintenance""]","[""Associate’s degree in Electrical Engineering Technology or related field."", ""Experience in power systems maintenance or similar field."", ""Knowledge of electrical systems and safety protocols."", ""Strong troubleshooting and repair skills.""]",2022-06-08 16:06:32,2022-06-08 16:06:32,,True,140
3dadf0fd-90cd-4f33-a743-876313b383e6,6756b9369466383100025021,"Electricity, Gas, Steam and Air Conditioning Supply and Distribution",Renewable Energy Technician,"Install and maintain renewable energy systems such as solar, wind, and geothermal energy for residential and commercial use.","[""Renewable Energy"", ""Sustainability"", ""Energy Systems"", ""Green Technology""]","[""High school diploma or equivalent; certification in renewable energy is a plus."", ""Experience with solar, wind, or geothermal system installation."", ""Knowledge of renewable energy technologies and their applications."", ""Ability to work at heights and with electrical systems safely.""]",2014-04-26 04:27:06,2014-04-26 04:27:06,,False,160
d24aeeb8-e731-42bb-ae1c-3ed42e97b0e2,6756b9369466383100025022,Other,Project Manager,Lead and coordinate various projects across departments to ensure timely and successful completion.,"[""Project Management"", ""Coordination"", ""Leadership"", ""Teamwork""]","[""Bachelor's degree in Business Administration, Management, or related field."", ""Proven experience in project management."", ""Strong organizational and leadership skills."", ""Excellent communication and problem-solving abilities.""]",2013-01-10 01:43:34,2013-01-10 01:43:34,,False,80
ddf6fab1-ffe1-4db8-b53d-28bb48489f47,6756b9369466383100025023,Other,Data Analyst,Analyze and interpret complex data sets to provide actionable insights for business decision-making.,"[""Data Analysis"", ""Statistics"", ""Business Intelligence"", ""Research""]","[""Bachelor’s degree in Data Science, Statistics, or related field."", ""Experience with data analysis tools like Excel, SQL, or Python."", ""Strong analytical and problem-solving skills."", ""Ability to communicate complex data to non-technical stakeholders.""]",2019-06-27 10:16:32,2019-06-27 10:16:32,,True,140
eb2208a5-bb54-4b5b-9187-aaed549c83ae,6756b9369466383100025024,Other,Marketing Manager,Develop and execute marketing strategies to promote products and services and drive business growth.,"[""Marketing"", ""Brand Strategy"", ""Sales"", ""Creative""]","[""Bachelor’s degree in Marketing, Business, or related field."", ""Proven experience in marketing strategy and campaign management."", ""Excellent leadership, communication, and project management skills."", ""Strong understanding of digital marketing tools and trends.""]",2014-03-02 08:11:03,2014-03-02 08:11:03,,False,160
04413311-b7a8-461f-b829-6d318d02db8f,6756b9369466383100025025,Other,Human Resources Specialist,"Oversee recruiting, employee relations, training, and other HR functions to ensure a productive and compliant workforce.","[""Human Resources"", ""Recruiting"", ""Employee Relations"", ""Compliance""]","[""Bachelor’s degree in Human Resources, Business Administration, or related field."", ""Experience in human resources management and talent acquisition."", ""Strong knowledge of labor laws and employee relations."", ""Excellent communication and interpersonal skills.""]",2020-05-09 00:46:53,2020-05-09 00:46:53,,False,140
bd55450c-3197-43f2-9f40-f1f1177486b0,6756b9369466383100025026,Other,Financial Analyst,Analyze financial data and trends to help businesses make informed investment and budgeting decisions.,"[""Finance"", ""Analysis"", ""Budgeting"", ""Reporting""]","[""Bachelor’s degree in Finance, Economics, or related field."", ""Experience with financial modeling and reporting."", ""Strong attention to detail and analytical skills."", ""Proficiency in Microsoft Excel or financial software.""]",2014-03-16 21:03:22,2014-03-16 21:03:22,,False,80
2e3f4087-1585-41ba-8ce1-9295e52d3a71,6756b9369466383100025027,"Cultural, Entertainment and Leisure Activities",Event Coordinator,"Plan, organize, and execute events, ensuring that every detail is arranged and the event runs smoothly.","[""Event Planning"", ""Coordination"", ""Entertainment"", ""Management""]","[""Bachelor’s degree in Event Management, Hospitality, or related field."", ""Experience in planning and coordinating events."", ""Excellent organizational and multitasking skills."", ""Strong communication and vendor management skills.""]",2022-12-12 15:10:30,2022-12-12 15:10:30,,False,140
ceec67ab-6f86-43bc-ba89-c2e8f2f13e09,6756b9369466383100025028,"Cultural, Entertainment and Leisure Activities",Museum Curator,"Manage and oversee collections, exhibitions, and educational programs at a museum or cultural institution.","[""Curation"", ""Museums"", ""Arts"", ""Education""]","[""Master’s degree in Art History, Museum Studies, or related field."", ""Experience in curating exhibits or managing museum collections."", ""Strong knowledge of art history and cultural heritage."", ""Ability to work with museum staff and engage visitors.""]",2016-04-12 18:42:35,2016-04-12 18:42:35,,True,160
9c6bfa93-9000-401f-9360-06f202509f5d,6756b9369466383100025029,"Cultural, Entertainment and Leisure Activities",Fitness Trainer,Design and deliver fitness programs tailored to individuals or groups to help them achieve their health and wellness goals.,"[""Fitness"", ""Health"", ""Personal Training"", ""Exercise""]","[""Certification in Personal Training or Fitness Instruction."", ""Experience in conducting fitness assessments and designing programs."", ""Knowledge of exercise techniques, nutrition, and wellness."", ""Excellent communication and motivation skills.""]",2022-06-13 14:26:21,2022-06-13 14:26:21,,False,80
75c9c6ad-6811-46a1-bf88-04631e339a03,6756b936946638310002502a,"Cultural, Entertainment and Leisure Activities",Tour Guide,"Lead groups of tourists on excursions, providing information on landmarks, history, and culture.","[""Tourism"", ""Guiding"", ""Culture"", ""History""]","[""High school diploma or equivalent; relevant certifications are a plus."", ""Experience in guiding tours or working in the tourism industry."", ""Strong knowledge of local history and landmarks."", ""Excellent public speaking and interpersonal skills.""]",2013-08-17 15:23:32,2013-08-17 15:23:32,,False,80
d1f305d9-5cdf-44f8-9f74-8ea4b9c3530b,6756b936946638310002502b,"Cultural, Entertainment and Leisure Activities",Animator,"Create and perform entertainment activities for guests in resorts, hotels, or cruise ships, ensuring an enjoyable experience.","[""Entertainment"", ""Performing Arts"", ""Animation"", ""Leisure""]","[""Experience in performance arts, animation, or event planning."", ""Ability to engage and entertain diverse groups of people."", ""Excellent communication and improvisational skills."", ""Flexible schedule and ability to work evenings and weekends.""]",2009-06-23 13:42:54,2009-06-23 13:42:54,,False,160
89105393-2305-470c-9ba5-04c5c875bca1,6756b936946638310002502c,Other,Content Writer,"Create engaging written content for websites, blogs, social media, and marketing materials.","[""Writing"", ""Content Creation"", ""Marketing"", ""SEO""]","[""Bachelor’s degree in English, Journalism, Marketing, or related field."", ""Experience in writing for web and digital platforms."", ""Strong knowledge of SEO principles and content strategies."", ""Excellent writing, editing, and proofreading skills.""]",2022-12-27 15:56:59,2022-12-27 15:56:59,,False,80
8d592494-2956-4604-bb68-e36b65d2c8f5,6756b936946638310002502d,Other,Graphic Designer,"Design visual content for marketing campaigns, websites, and branding projects.","[""Design"", ""Graphics"", ""Branding"", ""Creative""]","[""Bachelor’s degree in Graphic Design, Visual Arts, or related field."", ""Proficiency in design software such as Adobe Creative Suite (Photoshop, Illustrator, InDesign)."", ""Strong creativity and attention to detail."", ""Excellent communication skills and the ability to work in a team.""]",2012-03-22 05:49:29,2012-03-22 05:49:29,,False,80
6d52eda9-5419-4a55-958d-8a66fc4ebb7c,6756b936946638310002502e,Other,Business Analyst,Analyze business needs and recommend solutions to improve processes and efficiency.,"[""Analysis"", ""Business Solutions"", ""Strategy"", ""Consulting""]","[""Bachelor’s degree in Business Administration, Economics, or related field."", ""Experience in business analysis or consulting."", ""Strong problem-solving and strategic thinking abilities."", ""Proficiency in data analysis tools such as Excel or Tableau.""]",2009-09-30 15:10:18,2009-09-30 15:10:18,,False,140
efb4bf76-7774-4bda-acbe-244ee5a9a2ae,6756b936946638310002502f,Other,IT Support Specialist,Provide technical support and troubleshooting assistance to employees and clients regarding software and hardware issues.,"[""IT Support"", ""Technology"", ""Troubleshooting"", ""Customer Service""]","[""Bachelor’s degree in Computer Science, Information Technology, or related field."", ""Experience in IT support or technical troubleshooting."", ""Strong knowledge of computer systems and networking."", ""Excellent communication and customer service skills.""]",2016-10-07 04:52:13,2016-10-07 04:52:13,,True,80
bd0b39a8-7219-4781-a44c-e693b3c425d6,6756b9369466383100025030,Other,Operations Manager,"Manage day-to-day operations of a company or department, ensuring processes are efficient and goals are met.","[""Operations"", ""Management"", ""Efficiency"", ""Leadership""]","[""Bachelor’s degree in Business Administration or related field."", ""Proven experience in operations management."", ""Strong leadership and organizational skills."", ""Ability to solve problems quickly and make decisions under pressure.""]",2022-08-23 09:09:19,2022-08-23 09:09:19,,True,160
ec68d440-79f3-4cee-85f7-b77f5b25fa4f,6756b9369466383100025031,Other,Customer Success Manager,Ensure customers are satisfied with products or services and help them achieve their goals through product use.,"[""Customer Success"", ""Support"", ""Relationship Management"", ""Customer Retention""]","[""Bachelor’s degree in Business, Marketing, or related field."", ""Experience in customer success or account management."", ""Strong problem-solving and communication skills."", ""Ability to build relationships with customers and internal teams.""]",2001-08-23 08:56:25,2001-08-23 08:56:25,,False,140
a61452c3-55b5-4b63-9425-1db1319f6016,6756b9369466383100025032,Other,Supply Chain Coordinator,"Manage the flow of goods and services, ensuring that the supply chain is efficient and cost-effective.","[""Supply Chain"", ""Logistics"", ""Operations"", ""Inventory Management""]","[""Bachelor’s degree in Supply Chain Management, Logistics, or related field."", ""Experience in supply chain coordination or logistics."", ""Strong organizational and analytical skills."", ""Proficiency in supply chain software and tools.""]",2016-10-17 15:19:57,2016-10-17 15:19:57,,False,160
841c9788-3571-445d-abc8-045ad6421490,6756b9369466383100025033,Other,Quality Assurance Specialist,Monitor and ensure the quality of products and services meets company and industry standards.,"[""Quality Assurance"", ""Testing"", ""Standards"", ""Compliance""]","[""Bachelor’s degree in Quality Assurance, Engineering, or related field."", ""Experience in quality control or testing environments."", ""Strong attention to detail and problem-solving skills."", ""Knowledge of industry standards and regulatory requirements.""]",2023-12-27 03:37:03,2023-12-27 03:37:03,,False,80
215e2425-5679-4ad1-976c-9e27a63e0544,6756b9369466383100025034,Other,Digital Marketing Specialist,Develop and execute digital marketing campaigns to increase brand awareness and drive traffic and sales.,"[""Digital Marketing"", ""SEO"", ""Social Media"", ""Content Marketing""]","[""Bachelor’s degree in Marketing, Business, or related field."", ""Experience in digital marketing or social media marketing."", ""Strong understanding of SEO and paid advertising strategies."", ""Proficiency with digital marketing tools and analytics platforms.""]",2013-09-02 14:05:48,2013-09-02 14:05:48,,False,160
a6c5cc29-6907-4bf9-a9f4-2db4bc0b4329,6756b9369466383100025035,Other,Legal Assistant,"Support legal teams by managing case files, conducting research, and preparing legal documents.","[""Legal"", ""Assistance"", ""Research"", ""Documentation""]","[""Associate’s degree in Paralegal Studies or related field."", ""Experience in a legal or law firm environment."", ""Strong organizational and research skills."", ""Proficiency with legal documentation and case management systems.""]",2019-04-17 01:57:00,2019-04-17 01:57:00,,True,160
a1a41cd7-df98-4e3b-ab22-60c40abaaa14,6756b9369466383100025036,Public administration and defense; compulsory social security,Policy Advisor,"Provide strategic advice to government bodies on public policy issues, ensuring alignment with current legislation and public interests.","[""Policy"", ""Government"", ""Advisory"", ""Public Administration""]","[""Bachelor’s degree in Political Science, Public Policy, or related field."", ""Experience in policy analysis or government advisory roles."", ""Strong understanding of public administration and legislative processes."", ""Excellent communication, research, and analytical skills.""]",2015-11-08 08:02:47,2015-11-08 08:02:47,,False,140
f922b70a-a6a0-4393-9d1b-d2d44c4d5753,6756b9369466383100025037,Public administration and defense; compulsory social security,Public Health Administrator,"Manage public health programs and services, ensuring effective delivery of health care services to the community.","[""Public Health"", ""Administration"", ""Healthcare"", ""Government""]","[""Bachelor’s or Master’s degree in Public Health, Healthcare Administration, or related field."", ""Experience in managing healthcare services or public health programs."", ""Strong leadership, organizational, and budget management skills."", ""Knowledge of healthcare policies and regulatory requirements.""]",2018-04-05 05:31:30,2018-04-05 05:31:30,,True,160
91f8be00-6773-46a9-b1a2-ca076d5d097c,6756b9369466383100025038,Public administration and defense; compulsory social security,Social Security Officer,"Assist citizens in understanding and accessing their social security benefits, ensuring compliance with policies and regulations.","[""Social Security"", ""Public Services"", ""Government"", ""Support""]","[""Bachelor’s degree in Social Sciences, Public Administration, or related field."", ""Experience in social services or public sector roles."", ""Strong interpersonal and communication skills."", ""Knowledge of social security systems and regulations.""]",2010-07-23 13:09:45,2010-07-23 13:09:45,,True,140
80fec3dc-6ee4-469b-b59c-d6dafcf0ba91,6756b9369466383100025039,Public administration and defense; compulsory social security,Government Compliance Officer,"Ensure government departments adhere to all regulatory and compliance requirements, conducting audits and assessments as needed.","[""Compliance"", ""Government"", ""Audit"", ""Regulations""]","[""Bachelor’s degree in Law, Public Administration, or related field."", ""Experience in compliance monitoring or regulatory roles."", ""Strong knowledge of governmental policies and legal frameworks."", ""Excellent attention to detail and communication skills.""]",2020-02-12 15:51:03,2020-02-12 15:51:03,,True,160
b8463337-e9e3-4846-99f9-f007a946b350,6756b936946638310002503a,Public administration and defense; compulsory social security,Defense Analyst,"Provide strategic analysis and recommendations related to defense policies and programs, supporting national security objectives.","[""Defense"", ""Analysis"", ""Security"", ""Government""]","[""Bachelor’s degree in Political Science, International Relations, or related field."", ""Experience in defense policy analysis or security studies."", ""Strong analytical and research skills."", ""Knowledge of military systems and defense strategies.""]",2023-03-17 20:14:24,2023-03-17 20:14:24,,False,80
6f18f8eb-d3f2-4800-827c-ade8bdab4a29,6756b936946638310002503b,Mining and quarrying,Mining Engineer,"Design and manage mining operations, ensuring efficient extraction of minerals and overseeing the safety of operations.","[""Mining"", ""Engineering"", ""Safety"", ""Operations""]","[""Bachelor’s degree in Mining Engineering or related field."", ""Experience in mining operations and management."", ""Strong knowledge of mining techniques, safety regulations, and environmental concerns."", ""Ability to work in challenging environments and oversee large teams.""]",2015-04-05 18:26:58,2015-04-05 18:26:58,,False,160
7f048ea9-f814-4096-8252-2283afd607fe,6756b936946638310002503c,Mining and quarrying,Geologist,Conduct geological surveys and research to evaluate mineral deposits and support mining operations.,"[""Geology"", ""Mining"", ""Research"", ""Environmental Science""]","[""Bachelor’s degree in Geology or related field."", ""Experience in geological surveying and mineral exploration."", ""Strong analytical and research skills."", ""Knowledge of environmental impact assessments and mining regulations.""]",2008-12-14 23:03:52,2008-12-14 23:03:52,,True,160
5c152a9f-f11a-4127-867d-37098dcbe6e0,6756b936946638310002503d,Mining and quarrying,Safety Officer (Mining),"Oversee safety protocols and risk management in mining operations, ensuring the well-being of workers and compliance with safety standards.","[""Safety"", ""Mining"", ""Regulations"", ""Compliance""]","[""Bachelor’s degree in Occupational Health and Safety or related field."", ""Experience in mining safety or industrial safety roles."", ""Knowledge of mining safety regulations and risk assessment techniques."", ""Strong communication and training skills.""]",2012-05-29 09:29:20,2012-05-29 09:29:20,,True,80
37c9eafb-40e1-4567-83e5-35f7bdc44790,6756b936946638310002503e,Mining and quarrying,Mining Technician,Support mining engineers and geologists by performing technical tasks related to the operation and maintenance of mining equipment.,"[""Mining"", ""Technology"", ""Maintenance"", ""Operations""]","[""Associate’s degree in Mining Technology or related field."", ""Experience with mining equipment and technology."", ""Strong technical and mechanical skills."", ""Ability to work in a physically demanding environment.""]",2013-12-10 11:50:02,2013-12-10 11:50:02,,True,160
8d862a4f-87c0-463e-a6de-8a3b35111bb4,6756b936946638310002503f,Mining and quarrying,Blasting Supervisor,"Supervise and oversee blasting operations in mining and quarrying projects, ensuring compliance with safety and environmental standards.","[""Blasting"", ""Mining"", ""Operations"", ""Safety""]","[""Bachelor’s degree in Mining Engineering, Geology, or related field."", ""Experience in managing blasting operations in mining environments."", ""Knowledge of explosives handling, safety protocols, and regulatory requirements."", ""Strong leadership and problem-solving skills.""]",2007-11-18 01:19:02,2007-11-18 01:19:02,,True,80
